id,name,group,C,N,N_pct,P_pct,K_pct,moist_pct,dph,source
dry_leaves,Dry Leaves,Brown,48.0,1.0,1.0,0.15,0.45,15.0,0.0,Cornell Composting (compost.css.cornell.edu/chemistry.html)
grass_clippings,Grass Clippings,Green,38.0,2.2,2.2,0.35,1.60,80.0,0.1,Cornell Composting (compost.css.cornell.edu/chemistry.html)
coffee_grounds,Spent Coffee Grounds,Green,40.0,2.0,2.0,0.36,0.67,65.0,-0.3,UNL Extension G2222; Permies Compost Values
banana_peel,Banana Peels,Green,42.0,1.4,1.4,0.25,3.20,82.0,0.2,UNL Extension G2222; Permies Compost Values
vegetable_scraps,Vegetable Scraps,Green,38.0,2.0,2.0,0.40,0.70,85.0,-0.2,Cornell Composting Science & Eng Table 1
eggshell,Crushed Eggshells,Green,5.0,0.5,0.5,0.35,0.15,5.0,1.5,Permies Compost Values; USDA Nutrient DB
tea_waste,Used Tea Waste,Green,40.0,2.5,2.5,0.20,0.40,70.0,-0.4,UNL Extension G2222; Permies Compost Values
onion_peels,Onion Peels,Green,40.0,1.6,1.6,0.20,1.10,78.0,-0.5,Permies Compost Values; Cornell Table 1
citrus_peels,Citrus Peels,Green,45.0,1.2,1.2,0.15,0.80,80.0,-1.2,UNL Extension G2222; Cornell Table 1
newspaper,Shredded Newspaper,Brown,50.0,0.35,0.35,0.05,0.10,8.0,0.0,Cornell Composting Chemistry; UNL G2222
cow_dung,Aged Cow Dung,Green,38.0,1.9,1.9,0.80,1.20,75.0,0.4,FAO Soil Bulletin 43; Permies Compost Values
rice_water,Rice Rinse Water,Green,12.0,0.6,0.6,0.30,0.40,92.0,-0.3,Permies Kitchen Ferment; Literature Analysis
sawdust,Wood Sawdust,Brown,50.0,0.4,0.4,0.05,0.15,12.0,-0.2,Cornell Composting Chemistry Table 1
cardboard,Shredded Cardboard,Brown,50.0,0.45,0.45,0.04,0.08,8.0,0.0,UNL Extension G2222; Cornell Science & Eng
straw,Wheat Straw,Brown,48.0,0.6,0.6,0.12,1.10,10.0,0.1,Cornell Composting Chemistry; FAO Bulletin 43
pine_needles,Pine Needles,Brown,50.0,0.55,0.55,0.08,0.20,15.0,-0.8,UNL Extension G2222; Permies Compost Values
wood_ash,Clean Wood Ash,Brown,8.0,0.1,0.1,1.50,5.00,4.0,2.5,UGA Extension Bulletin 1142; Permies Values
coconut_coir,Coconut Coir Pith,Brown,48.0,0.5,0.5,0.06,0.90,18.0,0.1,FAO Soils Bulletin 43; Indian Agron Literature
apple_pomace,Apple Pomace,Green,44.0,1.1,1.1,0.12,0.80,82.0,-0.7,Cornell Composting Chemistry Table 1
bread_crusts,Stale Bread Crusts,Green,42.0,2.1,2.1,0.25,0.35,25.0,-0.2,USDA Nutrient DB; Permies Compost Values
cooked_rice,Plain Cooked Rice,Green,40.0,1.2,1.2,0.18,0.15,68.0,-0.1,USDA Nutrient DB; Literature Analysis
flower_wastes,Spent Floral Offerings,Green,38.0,1.8,1.8,0.25,1.30,75.0,0.1,TNAU Agritech Portal; Temple Waste Studies
weeds_fresh,Fresh Garden Weeds,Green,36.0,2.0,2.0,0.30,1.50,82.0,0.1,Cornell Composting Science & Eng Table 1
peanut_shells,Crushed Peanut Shells,Brown,46.0,1.1,1.1,0.15,0.60,10.0,0.0,UNL Extension G2222; USDA Agron Handbook
corn_cobs,Ground Corn Cobs,Brown,48.0,0.6,0.6,0.08,0.80,12.0,0.0,Cornell Composting Chemistry; UNL G2222
